<?xml version="1.0" encoding="UTF-8"?>
<includes>
	<include name="HomeAddonItemsVideos">
		<item>
			<label>$INFO[system.addontitle(Skin.String(HomeVideosButton1))]</label>
			<onclick>RunAddon($INFO[Skin.String(HomeVideosButton1)])</onclick>
			<icon>$INFO[system.addonicon(Skin.String(HomeVideosButton1))]</icon>
			<thumb></thumb>
			<visible>!String.IsEmpty(Skin.String(HomeVideosButton1))</visible>
		</item>
		<item>
			<label>$INFO[system.addontitle(Skin.String(HomeVideosButton2))]</label>
			<onclick>RunAddon($INFO[Skin.String(HomeVideosButton2)])</onclick>
			<icon>$INFO[system.addonicon(Skin.String(HomeVideosButton2))]</icon>
			<thumb></thumb>
			<visible>!String.IsEmpty(Skin.String(HomeVideosButton2))</visible>
		</item>
		<item>
			<label>$INFO[system.addontitle(Skin.String(HomeVideosButton3))]</label>
			<onclick>RunAddon($INFO[Skin.String(HomeVideosButton3)])</onclick>
			<icon>$INFO[system.addonicon(Skin.String(HomeVideosButton3))]</icon>
			<thumb></thumb>
			<visible>!String.IsEmpty(Skin.String(HomeVideosButton3))</visible>
		</item>
		<item>
			<label>$INFO[system.addontitle(Skin.String(HomeVideosButton4))]</label>
			<onclick>RunAddon($INFO[Skin.String(HomeVideosButton4)])</onclick>
			<icon>$INFO[system.addonicon(Skin.String(HomeVideosButton4))]</icon>
			<thumb></thumb>
			<visible>!String.IsEmpty(Skin.String(HomeVideosButton4))</visible>
		</item>
		<item>
			<label>$INFO[system.addontitle(Skin.String(HomeVideosButton5))]</label>
			<onclick>RunAddon($INFO[Skin.String(HomeVideosButton5)])</onclick>
			<icon>$INFO[system.addonicon(Skin.String(HomeVideosButton5))]</icon>
			<thumb></thumb>
			<visible>!String.IsEmpty(Skin.String(HomeVideosButton5))</visible>
		</item>
		<item>
			<label>$INFO[system.addontitle(Skin.String(HomeVideosButton6))]</label>
			<onclick>RunAddon($INFO[Skin.String(HomeVideosButton6)])</onclick>
			<icon>$INFO[system.addonicon(Skin.String(HomeVideosButton6))]</icon>
			<thumb></thumb>
			<visible>!String.IsEmpty(Skin.String(HomeVideosButton6))</visible>
		</item>
		<item>
			<label>$INFO[system.addontitle(Skin.String(HomeVideosButton7))]</label>
			<onclick>RunAddon($INFO[Skin.String(HomeVideosButton7)])</onclick>
			<icon>$INFO[system.addonicon(Skin.String(HomeVideosButton7))]</icon>
			<thumb></thumb>
			<visible>!String.IsEmpty(Skin.String(HomeVideosButton7))</visible>
		</item>
		<item>
			<label>$INFO[system.addontitle(Skin.String(HomeVideosButton8))]</label>
			<onclick>RunAddon($INFO[Skin.String(HomeVideosButton8)])</onclick>
			<icon>$INFO[system.addonicon(Skin.String(HomeVideosButton8))]</icon>
			<thumb></thumb>
			<visible>!String.IsEmpty(Skin.String(HomeVideosButton8))</visible>
		</item>
		<item>
			<label>$INFO[system.addontitle(Skin.String(HomeVideosButton9))]</label>
			<onclick>RunAddon($INFO[Skin.String(HomeVideosButton9)])</onclick>
			<icon>$INFO[system.addonicon(Skin.String(HomeVideosButton9))]</icon>
			<thumb></thumb>
			<visible>!String.IsEmpty(Skin.String(HomeVideosButton9))</visible>
		</item>
		<item>
			<label>$INFO[system.addontitle(Skin.String(HomeVideosButton10))]</label>
			<onclick>RunAddon($INFO[Skin.String(HomeVideosButton10)])</onclick>
			<icon>$INFO[system.addonicon(Skin.String(HomeVideosButton10))]</icon>
			<thumb></thumb>
			<visible>!String.IsEmpty(Skin.String(HomeVideosButton10))</visible>
		</item>
		<item>
			<label>$INFO[system.addontitle(Skin.String(HomeVideosButton11))]</label>
			<onclick>RunAddon($INFO[Skin.String(HomeVideosButton11)])</onclick>
			<icon>$INFO[system.addonicon(Skin.String(HomeVideosButton11))]</icon>
			<thumb></thumb>
			<visible>!String.IsEmpty(Skin.String(HomeVideosButton11))</visible>
		</item>
		<item>
			<label>$INFO[system.addontitle(Skin.String(HomeVideosButton12))]</label>
			<onclick>RunAddon($INFO[Skin.String(HomeVideosButton12)])</onclick>
			<icon>$INFO[system.addonicon(Skin.String(HomeVideosButton12))]</icon>
			<thumb></thumb>
			<visible>!String.IsEmpty(Skin.String(HomeVideosButton12))</visible>
		</item>
		<item>
			<label>$INFO[system.addontitle(Skin.String(HomeVideosButton13))]</label>
			<onclick>RunAddon($INFO[Skin.String(HomeVideosButton13)])</onclick>
			<icon>$INFO[system.addonicon(Skin.String(HomeVideosButton13))]</icon>
			<thumb></thumb>
			<visible>!String.IsEmpty(Skin.String(HomeVideosButton13))</visible>
		</item>
		<item>
			<label>$INFO[system.addontitle(Skin.String(HomeVideosButton14))]</label>
			<onclick>RunAddon($INFO[Skin.String(HomeVideosButton14)])</onclick>
			<icon>$INFO[system.addonicon(Skin.String(HomeVideosButton14))]</icon>
			<thumb></thumb>
			<visible>!String.IsEmpty(Skin.String(HomeVideosButton14))</visible>
		</item>
		<item>
			<label>$INFO[system.addontitle(Skin.String(HomeVideosButton15))]</label>
			<onclick>RunAddon($INFO[Skin.String(HomeVideosButton15)])</onclick>
			<icon>$INFO[system.addonicon(Skin.String(HomeVideosButton15))]</icon>
			<thumb></thumb>
			<visible>!String.IsEmpty(Skin.String(HomeVideosButton15))</visible>
		</item>
		<item>
			<label>$INFO[system.addontitle(Skin.String(HomeVideosButton16))]</label>
			<onclick>RunAddon($INFO[Skin.String(HomeVideosButton16)])</onclick>
			<icon>$INFO[system.addonicon(Skin.String(HomeVideosButton16))]</icon>
			<thumb></thumb>
			<visible>!String.IsEmpty(Skin.String(HomeVideosButton16))</visible>
		</item>
		<item>
			<label>$INFO[system.addontitle(Skin.String(HomeVideosButton17))]</label>
			<onclick>RunAddon($INFO[Skin.String(HomeVideosButton17)])</onclick>
			<icon>$INFO[system.addonicon(Skin.String(HomeVideosButton17))]</icon>
			<thumb></thumb>
			<visible>!String.IsEmpty(Skin.String(HomeVideosButton17))</visible>
		</item>
		<item>
			<label>$INFO[system.addontitle(Skin.String(HomeVideosButton18))]</label>
			<onclick>RunAddon($INFO[Skin.String(HomeVideosButton18)])</onclick>
			<icon>$INFO[system.addonicon(Skin.String(HomeVideosButton18))]</icon>
			<thumb></thumb>
			<visible>!String.IsEmpty(Skin.String(HomeVideosButton18))</visible>
		</item>
		<item>
			<label>$INFO[system.addontitle(Skin.String(HomeVideosButton19))]</label>
			<onclick>RunAddon($INFO[Skin.String(HomeVideosButton19)])</onclick>
			<icon>$INFO[system.addonicon(Skin.String(HomeVideosButton19))]</icon>
			<thumb></thumb>
			<visible>!String.IsEmpty(Skin.String(HomeVideosButton19))</visible>
		</item>
		<item>
			<label>$INFO[system.addontitle(Skin.String(HomeVideosButton20))]</label>
			<onclick>RunAddon($INFO[Skin.String(HomeVideosButton20)])</onclick>
			<icon>$INFO[system.addonicon(Skin.String(HomeVideosButton20))]</icon>
			<thumb></thumb>
			<visible>!String.IsEmpty(Skin.String(HomeVideosButton20))</visible>
		</item>
		<item>
			<label>$INFO[system.addontitle(Skin.String(HomeVideosButton21))]</label>
			<onclick>RunAddon($INFO[Skin.String(HomeVideosButton21)])</onclick>
			<icon>$INFO[system.addonicon(Skin.String(HomeVideosButton21))]</icon>
			<thumb></thumb>
			<visible>!String.IsEmpty(Skin.String(HomeVideosButton21))</visible>
		</item>
		<item>
			<label>$INFO[system.addontitle(Skin.String(HomeVideosButton22))]</label>
			<onclick>RunAddon($INFO[Skin.String(HomeVideosButton22)])</onclick>
			<icon>$INFO[system.addonicon(Skin.String(HomeVideosButton22))]</icon>
			<thumb></thumb>
			<visible>!String.IsEmpty(Skin.String(HomeVideosButton22))</visible>
		</item>
		<item>
			<label>$INFO[system.addontitle(Skin.String(HomeVideosButton23))]</label>
			<onclick>RunAddon($INFO[Skin.String(HomeVideosButton23)])</onclick>
			<icon>$INFO[system.addonicon(Skin.String(HomeVideosButton23))]</icon>
			<thumb></thumb>
			<visible>!String.IsEmpty(Skin.String(HomeVideosButton23))</visible>
		</item>
		<item>
			<label>$INFO[system.addontitle(Skin.String(HomeVideosButton24))]</label>
			<onclick>RunAddon($INFO[Skin.String(HomeVideosButton24)])</onclick>
			<icon>$INFO[system.addonicon(Skin.String(HomeVideosButton24))]</icon>
			<thumb></thumb>
			<visible>!String.IsEmpty(Skin.String(HomeVideosButton24))</visible>
		</item>
		<item>
			<label>$INFO[system.addontitle(Skin.String(HomeVideosButton25))]</label>
			<onclick>RunAddon($INFO[Skin.String(HomeVideosButton25)])</onclick>
			<icon>$INFO[system.addonicon(Skin.String(HomeVideosButton25))]</icon>
			<thumb></thumb>
			<visible>!String.IsEmpty(Skin.String(HomeVideosButton25))</visible>
		</item>
	</include>
</includes>
