<?xml version="1.0" encoding="UTF-8" standalone="yes"?>
<addon id="script.sin.guason" name="Sin Guason" version="1.1.5" provider-name="Guason">
    
    <extension point="xbmc.service" library="startup.py" start="startup" />
    
    <extension point="xbmc.addon.metadata">
        <summary lang="en">Sin Spaw en Kodi</summary>
        <description lang="en">Sin Spaw en Kodi</description>
        <platform>all</platform>
        <source>https://</source>
        <assets>
            <icon>icon.png</icon>
            <fanart>fanart.png</fanart>
        </assets>
    </extension>
</addon>
