<?xml version="1.0" encoding="UTF-8" standalone="yes"?>
<addon id="script.extendedinfo"
        name="   [COLORspringgreen]ACME [COLORpalegreen]Info[/COLOR]"
        version="20.8.29"
        provider-name="[COLORspringgreen]• [COLORpalegreen]Loonatics [COLORspringgreen]•[/COLOR]">
    <requires>
        <import addon="xbmc.python" version="2.25.0"/>
        <import addon="script.module.pil" version="1.1.7"/>
        <import addon="plugin.video.youtube" version="6.2.2"/>
        <import addon="script.module.requests" version="2.9.1"/>
        <import addon="script.skin.helper.service" version="1.0.0"/>
        <import addon="resource.images.studios.white" version="0.0.18"/>
        <import addon="plugin.video.acmeplayer" optional="true"/>
    </requires>
    <extension point="xbmc.python.script" library="script.py"/>
    <extension point="xbmc.python.pluginsource" library="plugin.py">
        <provides>video</provides>
    </extension>
    <extension point="kodi.context.item">
        <menu id="kodi.core.main">
            <item library="context.py">
                <label>ACME Info</label>
                <visible>String.IsEqual(ListItem.dbtype,movie) | String.IsEqual(ListItem.dbtype,tvshow) | String.IsEqual(ListItem.dbtype,season) | String.IsEqual(ListItem.dbtype,episode) | String.IsEqual(ListItem.dbtype,actor) | String.IsEqual(ListItem.dbtype,director)</visible>
            </item>
        </menu>
    </extension>
    <extension point="xbmc.addon.metadata">
        <reuselanguageinvoker>false</reuselanguageinvoker>
        <platform>all</platform>
        <summary></summary>
        <description>This script offers various possibilities to display online content inside skins as well as a complete MovieDB browser including info dialogs for various media types. Needs skin implementation for lot of functions and Acme Player for library functions.</description>
        <assets>
            <icon>resources/icon.png</icon>
            <fanart>resources/fanart.jpg</fanart>
            <screenshot></screenshot>
            <screenshot></screenshot>
            <screenshot></screenshot>
        </assets>
        <news>
        </news>
    </extension>
</addon>