<?xml version="1.0" encoding="UTF-8" standalone="yes"?>
<addon id="plugin.video.FutbolTream" name="[COLOR mediumslateblue]FutbolTream[/COLOR]" version="0.1.2" provider-name="AceTorr">
  <requires>
   <import addon="script.module.six" />
  </requires>
  <extension point="xbmc.python.pluginsource" library="default.py">
        <provides>video</provides>
  </extension>
  <extension point="xbmc.addon.metadata">
    <summary lang="es">Los Mejores Eventos deportivos usando Acestream</summary>
    <description>Todo el deporte con [COLOR red]Acestream[/COLOR].[CR][CR]Enlaces obtenidos de la página web:[CR][COLOR blue]····https://····[/COLOR][CR]La cual se ayuda del Canal de Telegram [COLOR lime]@ACEstream_Spanish[/COLOR].[CR][CR]**En Ajustes puede elegir entre usar solo [COLOR red]Motor Acestream[/COLOR] o el plugin [COLOR yellow]Horus+Acestream[/COLOR] para lanzar los enlaces p2p.</description>
    <platform>all</platform>
    <assets>
        <icon>icon.png</icon>
        <fanart>fanart.jpg</fanart>
    </assets>
  </extension>
</addon>
