<?xml version="1.0" encoding="UTF-8" standalone="yes"?>
<addon id="script.module.pyjwt" name="PyJWT" version="2.8.0" provider-name="Jose Padilla">
  <requires>
    <import addon="xbmc.python" version="3.0.0" />
    <import addon="script.module.typing_extensions" version="4.7.1" />
  </requires>
  <extension point="xbmc.python.module" library="lib" />
  <extension point="xbmc.addon.metadata">
    <summary lang="en_GB">JSON Web Token implementation in Python</summary>
    <description lang="en_GB">JSON Web Token implementation in Python</description>
    <license>MIT</license>
    <platform>all</platform>
    <website>https://github.com/jpadilla/pyjwt</website>
    <source>https://github.com/jpadilla/pyjwt</source>
    <assets>
      <icon>resources/icon.png</icon>
    </assets>
  </extension>
</addon>
