<?xml version="1.0" encoding="UTF-8"?>
<addon id="plugin.video.tvmfibraz"
version="0.0.2"
name="[COLOR darkviolet]Moratralla Fibraz-Medium[/COLOR]"
provider-name="DuMo">
<requires>
  <import addon="xbmc.python" version="2.25.0"/>
</requires>
<extension point="xbmc.python.pluginsource" library="main.py">
  <provides>video</provides>
</extension>
<extension point="xbmc.addon.metadata">
    <summary lang="es">Canal de televisión local de Moratalla: MTV-FibraMedios</summary>
    <description>Televisión local de Moratalla</description>
    <platform>all</platform>
    <assets>
        <icon>icon.png</icon>
        <fanart>fanart.jpg</fanart>
    </assets>
  </extension>
</addon>
