<?xml version="1.0" encoding="UTF-8" standalone="yes"?>
<addon id="script.gmc.cfg" name="GMC Cfg" version="23.10.0" provider-name="Gargantúa-MC">
    <requires>
        <import addon="xbmc.python" version="3.0.0"/>


    </requires>
    <extension point="xbmc.python.script" library="main.py">
        <provides>executable</provides>
    </extension>
    <extension point="xbmc.addon.metadata">
        <summary lang="en_GB">Configurador GARGANTÚA-MC</summary>
        <description lang="en_GB"></description>
        <language></language>
        <platform>all</platform>
        <license>unlicense</license>
        <forum></forum>
        <website></website>
        <email></email>
        <source></source>
        <news></news>
        <disclaimer></disclaimer>
        <assets>
            <icon>resources/icon.png</icon>
            <fanart>resources/fanart.jpg</fanart>
        </assets>
    </extension>
</addon>
