<?xml version="1.0" encoding="UTF-8" standalone="yes"?>
<addon id="plugin.program.GMC_Nexus" name="[COLOR yellow]Instalar [COLOR gold]configurador de [COLOR aqua]GARGANTUA[COLOR yellow] MultiVerse[/COLOR]" version="1.0.0" provider-name="GARGANTUA Team">
    <requires>
		<import addon="script.speedtester" optional="true" version="1.1.2" />
        <import addon="script.module.requests" optional="true" />
        <import addon="script.module.six" optional="true" />
        <import addon="script.kodi.android.update" optional="true" />     
    </requires>
    
    <extension point="xbmc.python.pluginsource" library="default.py">
        <provides>executable</provides>
    </extension>
    <extension point="xbmc.service" library="startup.py" start="startup" />
    
    <extension point="xbmc.addon.metadata">
        <summary lang="en"></summary>
        <description lang="en"></description>
        <platform>all</platform>
        <reuselanguageinvoker>false</reuselanguageinvoker>
        <source></source>
        <assets>
            <icon>icon.png</icon>
            <fanart>fanart.jpg</fanart>
        </assets>
    </extension>
</addon>
