<?xml version="1.0" encoding="UTF-8" standalone="yes"?>
<addon id="plugin.video.TorrentsTV" name="[COLOR moccasin]TorrentsTV[/COLOR]" version="1.0.0" provider-name="AceTorr">
  <requires>
   <import addon="script.module.six" />
  </requires>
  <extension point="xbmc.python.pluginsource" library="default.py">
        <provides>video</provides>
  </extension>
  <extension point="xbmc.addon.metadata">
    <summary lang="es">La mayor colección de Peliculas y Series Torrent</summary>
    <description>Cine y Series de alta calidad usando [COLOR blue]Elementum[/COLOR] o [COLOR red]Acestream[/COLOR] como Motor Torrent.[CR][CR]*En Ajustes puedes elegir el motor a usar en los Torrents.[CR]*Precisa del addon [COLOR blue]Elementum[/COLOR] si se elige este para lanzar los Torrents.[CR]*Precisa del addon [COLOR yellow]Horus+Acestream[/COLOR] si se elige como motor Acestream.[CR]  -Si elige [COLOR yellow]Horus+Acestream[/COLOR] no dispondrá de las opciones de SERIES, sólo Peliculas.[CR][CR]**Este addon se suministra GRATIS exclusivamente desde [COLOR red]KELEBEK[/COLOR].</description>
    <platform>all</platform>
    <assets>
        <icon>icon.png</icon>
        <fanart>fanart.jpg</fanart>
    </assets>
  </extension>
</addon>
