<?xml version="1.0" encoding="UTF-8" standalone="yes"?>
<addon id="script.module.yaml" name="PyYAML" version="6.0.1" provider-name="Kirill Simonov">
  <requires>
    <import addon="xbmc.python" version="3.0.0" />
  </requires>
  <extension point="xbmc.python.module" library="lib" />
  <extension point="xbmc.addon.metadata">
    <summary lang="en_GB">YAML parser and emitter for Python</summary>
    <description lang="en_GB">YAML parser and emitter for Python</description>
    <license>MIT</license>
    <platform>all</platform>
    <website>https://pyyaml.org</website>
    <source>https://github.com/yaml/pyyaml</source>
    <assets>
      <icon>resources/icon.png</icon>
    </assets>
  </extension>
</addon>
