<?xml version="1.0" encoding="UTF-8" standalone="yes"?>
<addon id="script.module.blinker" name="blinker" version="1.7.0" provider-name="Jason Kirtland">
  <requires>
    <import addon="xbmc.python" version="3.0.0" />
  </requires>
  <extension point="xbmc.python.module" library="lib" />
  <extension point="xbmc.addon.metadata">
    <summary lang="en_GB">Fast, simple object-to-object and broadcast signaling</summary>
    <description lang="en_GB">Blinker provides a fast dispatching system that allows any number of interested parties to subscribe to events, or "signals".</description>
    <license>MIT</license>
    <platform>all</platform>
    <website>https://blinker.readthedocs.io/</website>
    <source>https://github.com/pallets-eco/blinker/</source>
    <assets>
      <icon>resources/icon.png</icon>
    </assets>
  </extension>
</addon>
