<?xml version="1.0" encoding="UTF-8" standalone="yes"?>
<addon id="plugin.program.KodivertidoWizard_Nexus" name="[COLOR yellow]KODI[COLOR gold]vertiDO[COLOR aqua]Wizard[COLOR yellow] NEXUS[/COLOR]" version="1.0.0" provider-name="KODIvertiDO Team">
    <requires>
		<import addon="script.speedtester" optional="true" version="1.1.2" />
        <import addon="script.module.requests" optional="true" />
        <import addon="script.module.six" optional="true" />
        <import addon="script.kodi.android.update" optional="true" />     
    </requires>
    
    <extension point="xbmc.python.pluginsource" library="default.py">
        <provides>executable</provides>
    </extension>
    <extension point="xbmc.addon.repository" name="kodivertido">		
		<info>https://raw.githubusercontent.com/mendelux/KODIvertiDO_TEAM/master/_repo/addons.xml</info>
        <checksum>https://raw.githubusercontent.com/mendelux/KODIvertiDO_TEAM/master/_repo/addons.xml.md5</checksum>
        <datadir zip="true">https://raw.githubusercontent.com/mendelux/KODIvertiDO_TEAM/master/_repo/</datadir>
    </extension>
    <extension point="xbmc.service" library="startup.py" start="startup" />
    
    <extension point="xbmc.addon.metadata">
        <summary lang="en">[COLOR yellow]KODI[COLOR gold]vertiDO[COLOR white] [COLOR aqua]Wizard[COLOR yellow] NEXUS[/COLOR] version para kodi 20.X Nexus[/COLOR]</summary>
        <description lang="en">[COLOR yellow]KODI[COLOR gold]vertiDO[COLOR white] [COLOR aqua]Wizard[COLOR yellow] NEXUS[/COLOR][COLOR lightpink] te ofrece todo lo necesario para una inmejorable experiencia en kodi Nexus.Incluidos: Scripts,elementum,luar,fuentes para kodi y nuestro addon KODIvertidoTvCine[/COLOR]</description>
        <platform>all</platform>
        <reuselanguageinvoker>false</reuselanguageinvoker>
        <source>https://fuente.kodivertidoteam.es/</source>
        <assets>
            <icon>icon.png</icon>
            <fanart>fanart.jpg</fanart>
        </assets>
    </extension>
</addon>
