<?xml version="1.0" encoding="UTF-8" standalone="yes"?>
<addon id="repo.garmedcen" name="Gargantua Repo" version="1.0a" provider-name="GMC">
    <extension point="xbmc.addon.repository" name="Example Repository">
        <dir>
            <info compressed="false">https://raw.githubusercontent.com/GargantuaMC/repo.garmedcen/master/repo/zips/addons.xml</info>
            <checksum>https://raw.githubusercontent.com/GargantuaMC/repo.garmedcen/master/repo/zips/addons.xml.md5</checksum>
            <datadir zip="true">https://raw.githubusercontent.com/GargantuaMC/repo.garmedcen/master/repo/zips/</datadir>
        </dir>
    </extension>
    <extension point="xbmc.addon.metadata">
        <summary>Gargantua Repo</summary>
        <description>Repositorio de emergencia de Gargantua</description>
        <disclaimer></disclaimer>
        <platform>all</platform>
        <assets>
            <icon>icon.png</icon>
            <fanart>fanart.jpg</fanart>
        </assets>
    </extension>
</addon>