<?xml version="1.0" encoding="UTF-8" standalone="yes"?>
<addon id="script.cfgarmc.packages" name="Configurador GARGANTÚA-MC" version="23.00" provider-name="Gargantúa-MC">
    <requires>
        <import addon="xbmc.python" version="3.0.0" />
        <import addon="script.module.requests" />
        <import addon="script.module.six" />
        <import addon="script.kodi.android.update" optional="true" version="1.1.7" />
        <import addon="script.speedtester" optional="true" version="1.1.2" />
    </requires>
    
    <extension point="xbmc.python.pluginsource" library="default.py">
        <provides>executable</provides>
    </extension>
    
    <extension point="xbmc.addon.metadata">
        <summary lang="en">[COLOR limegreen]Gargantúa MC[/COLOR]Configurador</summary>
        <description lang="en">[COLOR limegreen]Gargantúa MC[/COLOR]Configurador: Configure todas las plataformas en un click.</description>
        <platform>all</platform>
    </extension>
</addon>