<?xml version="1.0" encoding="UTF-8" standalone="yes"?>
<addon id="script.module.resolveurl.xxx" version="2.1.40" name="Adult Resolver SMR Extension" provider-name="gujal">
    <requires>
        <!-- <import addon="xbmc.python" version="2.1.0"/> -->
        <import addon="script.module.resolveurl" version="5.1.0" />
    </requires>
    <extension point="xbmc.python.module" library="lib" />
    <extension point="xbmc.addon.metadata">
        <summary lang="en_GB">Resolve adult video host URL's to be playable in XBMC/Kodi.</summary>
        <description lang="en_GB">Resolve adult video host URL's to be playable in XBMC/Kodi.</description>
        <platform>all</platform>
        <assets>
            <icon>icon.png</icon>
            <fanart>fanart.jpg</fanart>
        </assets>
    </extension>
</addon>
