<?xml version="1.0" encoding="utf-8" standalone="yes"?>
<settings>
	<category label="Limpieza">
		<setting id="notify_mode" type="bool" label="Show Stats at Startup" default="false" />
		<setting id="startup.cache" type="bool" label="AutoClean at Startup" default="false" />
		<setting type="lsep" label="Package Folder Limits" />
		<setting id="filesize_alert" type="slider" label="Max Total Files Size (MB)" default="200" range="25,500" option="int" />
		<setting id="packagenumbers_alert" type="slider" label="Max Number of Zip Files" default="50" range="5,200" option="int" />
		<setting type="lsep" label="Thumbnails Folder Limits" />
		<setting id="filesizethumb_alert" type="slider" label="Max Total Files Size (MB)" default="500" range="50,2000" option="int" />
	</category>
</settings>