<?xml version="1.0" encoding="UTF-8" standalone="yes"?>
<addon id="repository.lku" name="Repositorio LKU" version="1.0.0" provider-name="[COLORpurple]•LKU•[/COLOR]">
    <extension point="xbmc.addon.repository" name="Repositorio LKU">
        <dir minversion="18.9.0">
            <info compressed="false">https://buildlku.xyz/plugins/addons.xml</info>
            <checksum>https://buildlku.xyz/plugins/addons.xml.md5</checksum>
            <datadir zip="true">https://buildlku.xyz/plugins/</datadir>
        </dir>
    </extension>
    <extension point="xbmc.addon.metadata">
        <summary>Repositorio LKU</summary>
        <description>Repositorio LKU</description>
        <platform>all</platform>
    <assets>
        <icon>icon.png</icon>
        <fanart>fanart.jpg</fanart>
    </assets>
    </extension>
</addon>