<?xml version="1.0" encoding="UTF-8" standalone="yes"?>
    <addon 
  id="repository.arrownegra" 
  name="[COLOR red]Arrow[/COLOR] [COLOR black]Negra[/COLOR] [COLORcyan]Repository[/COLOR]" 
  version="2.20" 
  provider-name="Flecha Negra">
  <requires>
    <import addon="xbmc.addon" version="12.0.0"/>  
  </requires>
  <extension point="xbmc.addon.repository" name="[COLOR red]Arrow Negra [COLOR red]Repositorio[/COLOR]">
    <dir>
    <info compressed="true">https://raw.github.com/arrownegra/arrownegra.github.io/master/addons.xml</info>
    <checksum>https://raw.github.com/arrownegra/arrownegra.github.io/master/addons.xml.md5</checksum>
    <datadir zip="true">https://raw.github.com/arrownegra/arrownegra.github.io/master</datadir>
    <hashes>false</hashes>
</dir>
  <dir minversion="19.9.9">
      <info compressed="true">https://raw.github.com/arrownegra/arrownegra.github.io/master/nexus/addons.xml</info>
      <checksum>https://raw.github.com/arrownegra/arrownegra.github.io/master/nexus/addons.xml.md5</checksum>
      <datadir zip="true">https://raw.github.com/arrownegra/arrownegra.github.io/master/nexus</datadir>
      <hashes>false</hashes>
  </dir>   
  <dir minversion="19.0.0">
      <info compressed="true">https://raw.github.com/arrownegra/arrownegra.github.io/master/matrix/addons.xml</info>
      <checksum>https://raw.github.com/arrownegra/arrownegra.github.io/master/matrix/addons.xml.md5</checksum>
      <datadir zip="true">https://raw.github.com/arrownegra/arrownegra.github.io/master/matrix</datadir>
      <hashes>false</hashes>
  </dir>    
  <dir minversion="17.0.0" maxversion="18.9.0">
      <info compressed="true">https://raw.github.com/arrownegra/arrownegra.github.io/master/leia/addons.xml</info>
      <checksum>https://raw.github.com/arrownegra/arrownegra.github.io/master/leia/addons.xml.md5</checksum>
      <datadir zip="true">https://raw.github.com/arrownegra/arrownegra.github.io/master/leia</datadir>
      <hashes>false</hashes>
  </dir>
  <dir minversion="16.0.0" maxversion="17.0.0">
      <info compressed="true">https://raw.github.com/arrownegra/arrownegra.github.io/master/krypton/addons.xml</info>
      <checksum>https://raw.github.com/arrownegra/arrownegra.github.io/master/krypton/addons.xml.md5</checksum>
      <datadir zip="true">https://raw.github.com/arrownegra/arrownegra.github.io/master/krypton</datadir>
      <hashes>false</hashes>
  </dir>
  </extension>
  <extension point="xbmc.addon.metadata">
    <summary>repositorio Arrow Negra</summary>
    <description>repositorio oficial Arrow Negra - Proibido reproducao sem autorização prévia</description>
    <disclaimer></disclaimer>
    <platform>all</platform>
    <assets>
      <icon>icon.png</icon>
      <fanart>fanart.jpg</fanart>
    </assets>
  </extension>
</addon>
